id,tcgplayer_id,name,version,set_name,rarity,released_at,cost,inkwell,ink_clean,image_url,epid
crd_a9c86e6316084d76a03b32be95977091,510148,Hades,King of Olympus,The First Chapter,Enchanted,8/18/23,8,FALSE,Amber,https://cards.lorcast.io/card/digital/normal/crd_a9c86e6316084d76a03b32be95977091.avif?1709690747,19072736900
crd_35c968e4b25945e897940860221f9d51,510152,Stitch,Carefree Surfer,The First Chapter,Enchanted,8/18/23,7,TRUE,Amber,https://cards.lorcast.io/card/digital/normal/crd_35c968e4b25945e897940860221f9d51.avif?1709690747,23072744342
crd_cbc18e77d7ec4d50bf19650a9a559686,510153,Elsa,Spirit of Winter,The First Chapter,Enchanted,8/18/23,8,FALSE,Amethyst,https://cards.lorcast.io/card/digital/normal/crd_cbc18e77d7ec4d50bf19650a9a559686.avif?1709690747,18072744837
crd_5739e1f6076840cd901a1bc283ca6e96,510154,Mickey Mouse,Wayward Sorcerer,The First Chapter,Enchanted,8/18/23,4,TRUE,Amethyst,https://cards.lorcast.io/card/digital/normal/crd_5739e1f6076840cd901a1bc283ca6e96.avif?1709690747,12072723059
crd_ae7e91462bfc4861bbf97e99ed53a1c1,510155,Genie,On the Job,The First Chapter,Enchanted,8/18/23,6,FALSE,Emerald,https://cards.lorcast.io/card/digital/normal/crd_ae7e91462bfc4861bbf97e99ed53a1c1.avif?1709690747,19072736956
crd_1a8604b7ba6c45e2bc8b32b0a70d08b5,510156,Mickey Mouse,Artful Rogue,The First Chapter,Enchanted,8/18/23,7,FALSE,Emerald,https://cards.lorcast.io/card/digital/normal/crd_1a8604b7ba6c45e2bc8b32b0a70d08b5.avif?1709690747,18072744866
crd_7c621010e3e6471d9916eee4bcd0b11d,510157,Aladdin,Heroic Outlaw,The First Chapter,Enchanted,8/18/23,7,TRUE,Ruby,https://cards.lorcast.io/card/digital/normal/crd_7c621010e3e6471d9916eee4bcd0b11d.avif?1709690747,27072739595
crd_f839f8a7cb9a47ae962503f3ea69bec5,510158,Maui,Hero to All,The First Chapter,Enchanted,8/18/23,5,TRUE,Ruby,https://cards.lorcast.io/card/digital/normal/crd_f839f8a7cb9a47ae962503f3ea69bec5.avif?1709690747,3072738592
crd_72fe56f4aa85484284d8e3632d06ad9b,510159,Aurora,Dreaming Guardian,The First Chapter,Enchanted,8/18/23,5,TRUE,Sapphire,https://cards.lorcast.io/card/digital/normal/crd_72fe56f4aa85484284d8e3632d06ad9b.avif?1709690747,16072725824
crd_021c1d57c42d4fb7836097cbe9eacfb7,510161,Belle,Strange but Special,The First Chapter,Enchanted,8/18/23,4,TRUE,Sapphire,https://cards.lorcast.io/card/digital/normal/crd_021c1d57c42d4fb7836097cbe9eacfb7.avif?1709690747,19072736939
crd_80cf71e223cf491796609458b2866665,510162,Simba,Returned King,The First Chapter,Enchanted,8/18/23,7,TRUE,Steel,https://cards.lorcast.io/card/digital/normal/crd_80cf71e223cf491796609458b2866665.avif?1709690747,18072744888
crd_b42271147bf14a5e89d33571e64abb6d,510163,Tinker Bell,Giant Fairy,The First Chapter,Enchanted,8/18/23,6,TRUE,Steel,https://cards.lorcast.io/card/digital/normal/crd_b42271147bf14a5e89d33571e64abb6d.avif?1709690747,27072739647
crd_4cf391db31ba468f948bad5a20b0bc16,527802,Cinderella,Ballroom Sensation,Rise of the Floodborn,Enchanted,11/17/23,1,TRUE,Amber,https://cards.lorcast.io/card/digital/normal/crd_4cf391db31ba468f948bad5a20b0bc16.avif?1709690747,18072744875
crd_e97e4b9894fe4c9798b0d925092d3eea,527799,Snow White,Well Wisher,Rise of the Floodborn,Enchanted,11/17/23,6,FALSE,Amber,https://cards.lorcast.io/card/digital/normal/crd_e97e4b9894fe4c9798b0d925092d3eea.avif?1709690747,19072736914
crd_19431b87131547d98fef8a693077a77e,527797,Arthur,Wizard's Apprentice,Rise of the Floodborn,Enchanted,11/17/23,3,FALSE,Amethyst,https://cards.lorcast.io/card/digital/normal/crd_19431b87131547d98fef8a693077a77e.avif?1709690747,18072744891
crd_26dd3cd037974467a3c4078d58f4ae25,528107,Madam Mim,Purple Dragon,Rise of the Floodborn,Enchanted,11/17/23,7,TRUE,Amethyst,https://cards.lorcast.io/card/digital/normal/crd_26dd3cd037974467a3c4078d58f4ae25.avif?1709690747,22072735420
crd_67714955a33e4508913f44b8ccb08e5c,528108,Pete,Bad Guy,Rise of the Floodborn,Enchanted,11/17/23,5,TRUE,Emerald,https://cards.lorcast.io/card/digital/normal/crd_67714955a33e4508913f44b8ccb08e5c.avif?1709690747,23072744410
crd_458325805fc445799aabfe4c4046f89b,527800,Beast,Relentless,Rise of the Floodborn,Enchanted,11/17/23,6,TRUE,Emerald,https://cards.lorcast.io/card/digital/normal/crd_458325805fc445799aabfe4c4046f89b.avif?1709690747,25072727226
crd_e08d7a85c4e84f1e83a7521ff9c15a89,528109,Lady Tremaine,Imperious Queen,Rise of the Floodborn,Enchanted,11/17/23,6,FALSE,Ruby,https://cards.lorcast.io/card/digital/normal/crd_e08d7a85c4e84f1e83a7521ff9c15a89.avif?1709690747,8072737745
crd_9c3f1e9961584a3ca4c8c32241d25d0b,528110,Shere Khan,Menacing Predator,Rise of the Floodborn,Enchanted,11/17/23,3,TRUE,Ruby,https://cards.lorcast.io/card/digital/normal/crd_9c3f1e9961584a3ca4c8c32241d25d0b.avif?1709690747,18072744902
crd_3f0711ce8e06486a8bde68218e75d360,528111,Alice,Growing Girl,Rise of the Floodborn,Enchanted,11/17/23,3,TRUE,Sapphire,https://cards.lorcast.io/card/digital/normal/crd_3f0711ce8e06486a8bde68218e75d360.avif?1709690747,21072745388
crd_f9edf9a591974716b2d7f02764f93737,528112,Sisu,Divine Water Dragon,Rise of the Floodborn,Enchanted,11/17/23,4,FALSE,Sapphire,https://cards.lorcast.io/card/digital/normal/crd_f9edf9a591974716b2d7f02764f93737.avif?1709690747,28072746928
crd_42ef053d7aab445fa7b0a2bf2e028864,528113,Hercules,Divine Hero,Rise of the Floodborn,Enchanted,11/17/23,6,TRUE,Steel,https://cards.lorcast.io/card/digital/normal/crd_42ef053d7aab445fa7b0a2bf2e028864.avif?1709690747,28072746950
crd_8b02499c992945e2990cb669d7468256,527798,Namaari,Morning Mist,Rise of the Floodborn,Enchanted,11/17/23,4,FALSE,Steel,https://cards.lorcast.io/card/digital/normal/crd_8b02499c992945e2990cb669d7468256.avif?1709690747,20072735565
crd_7a288d030d1a471fbb818ccfdddc6052,539156,Chernabog,Evildoer,Into the Inklands,Enchanted,2/23/24,10,FALSE,Amber,https://cards.lorcast.io/card/digital/normal/crd_7a288d030d1a471fbb818ccfdddc6052.avif?1709690747,15072740119
crd_ae42b2ab4e074f3e91c29d4ba2c3e601,539273,Kida,Protector of Atlantis,Into the Inklands,Enchanted,2/23/24,5,TRUE,Amber,https://cards.lorcast.io/card/digital/normal/crd_ae42b2ab4e074f3e91c29d4ba2c3e601.avif?1709690747,14072726714
crd_bbb647e1cbe3487baa2ad65b27a999ba,539157,Pride Lands,Pride Rock,Into the Inklands,Enchanted,2/23/24,2,FALSE,Amber,https://cards.lorcast.io/card/digital/normal/crd_bbb647e1cbe3487baa2ad65b27a999ba.avif?1709690747,22072735446
crd_3ecab24376cb4cd5989309e000f797c1,539158,Jafar,Striking Illusionist,Into the Inklands,Enchanted,2/23/24,7,TRUE,Amethyst,https://cards.lorcast.io/card/digital/normal/crd_3ecab24376cb4cd5989309e000f797c1.avif?1709690747,22072735435
crd_40690491af114f2e810a6fd1c6ddcafa,539159,Maleficent,Mistress of All Evil,Into the Inklands,Enchanted,2/23/24,5,TRUE,Amethyst,https://cards.lorcast.io/card/digital/normal/crd_40690491af114f2e810a6fd1c6ddcafa.avif?1709690747,25072727170
crd_5a2ba6e63b07496d96a17d2565b2a1db,539162,The Sorcerer's Hat,,Into the Inklands,Enchanted,2/23/24,2,TRUE,Amethyst,https://cards.lorcast.io/card/digital/normal/crd_5a2ba6e63b07496d96a17d2565b2a1db.avif?1709690747,4072738313
crd_2e1d43823fc642549ba92787523ce17f,539163,Morph,Space Goo,Into the Inklands,Enchanted,2/23/24,2,TRUE,Emerald,https://cards.lorcast.io/card/digital/normal/crd_2e1d43823fc642549ba92787523ce17f.avif?1709690747,18072744894
crd_7c5be60911d844b48189f3a042abdcfa,539164,Ursula,Deceiver of All,Into the Inklands,Enchanted,2/23/24,3,TRUE,Emerald,https://cards.lorcast.io/card/digital/normal/crd_7c5be60911d844b48189f3a042abdcfa.avif?1709690747,11072724753
crd_a1af7dad15b64d31a696f7bbb49bfe92,539165,Kuzco's Palace,Home of the Emperor,Into the Inklands,Enchanted,2/23/24,3,TRUE,Emerald,https://cards.lorcast.io/card/digital/normal/crd_a1af7dad15b64d31a696f7bbb49bfe92.avif?1709690747,9072730704
crd_266d7d17b42a44be9472057e4e6dd1b1,539166,Captain Hook,Master Swordsman,Into the Inklands,Enchanted,2/23/24,5,TRUE,Ruby,https://cards.lorcast.io/card/digital/normal/crd_266d7d17b42a44be9472057e4e6dd1b1.avif?1709690747,11072724759
crd_b5e74b533270492982dff9472aee8664,539274,Peter Pan,Pirate's Bane,Into the Inklands,Enchanted,2/23/24,6,TRUE,Ruby,https://cards.lorcast.io/card/digital/normal/crd_b5e74b533270492982dff9472aee8664.avif?1709690747,26072745232
crd_7c421033c14c40e7a5be957ba42bb1b7,539167,RLS Legacy,Solar Galleon,Into the Inklands,Enchanted,2/23/24,4,FALSE,Ruby,https://cards.lorcast.io/card/digital/normal/crd_7c421033c14c40e7a5be957ba42bb1b7.avif?1709690747,6072751794
crd_7ad03b4873f042bcae4da820a7061ba4,539275,Gramma Tala,Spirit of the Ocean,Into the Inklands,Enchanted,2/23/24,7,TRUE,Sapphire,https://cards.lorcast.io/card/digital/normal/crd_7ad03b4873f042bcae4da820a7061ba4.avif?1709690747,25072727238
crd_ee9f19ba64f54bf78ba3cf40e0cac256,539168,Scrooge McDuck,Richest Duck in the World,Into the Inklands,Enchanted,2/23/24,5,FALSE,Sapphire,https://cards.lorcast.io/card/digital/normal/crd_ee9f19ba64f54bf78ba3cf40e0cac256.avif?1709690747,22072735383
crd_c9f08696c3cd44bf96e2a149bb3cfb12,539169,Belle's House,Maurice's Workshop,Into the Inklands,Enchanted,2/23/24,1,TRUE,Sapphire,https://cards.lorcast.io/card/digital/normal/crd_c9f08696c3cd44bf96e2a149bb3cfb12.avif?1709690747,14072726775
crd_51bf217683f54e1bb4e6835392851031,539276,Mickey Mouse,Trumpeter,Into the Inklands,Enchanted,2/23/24,4,FALSE,Steel,https://cards.lorcast.io/card/digital/normal/crd_51bf217683f54e1bb4e6835392851031.avif?1709690747,5072746177
crd_0a9db863f78c46429d3f1835d046bb2e,539171,Robin Hood,Champion of Sherwood,Into the Inklands,Enchanted,2/23/24,5,TRUE,Steel,https://cards.lorcast.io/card/digital/normal/crd_0a9db863f78c46429d3f1835d046bb2e.avif?1709690747,11072724752
crd_0bd8f734ff064b3881191b916f8354cf,539173,And Then Along Came Zeus,,Into the Inklands,Enchanted,2/23/24,4,FALSE,Steel,https://cards.lorcast.io/card/digital/normal/crd_0bd8f734ff064b3881191b916f8354cf.avif?1709690747,10072748142
crd_eaf7db4a652b47939bddb0db4c9030e9,550544,Cinderella,Melody Weaver,Ursula's Return,Enchanted,5/17/24,5,TRUE,Amber,https://cards.lorcast.io/card/digital/normal/crd_eaf7db4a652b47939bddb0db4c9030e9.avif?1716052430,7072748517
crd_b20587f1945e42d59b750f9b69cc4a6b,550537,Minnie Mouse,Musketeer Champion,Ursula's Return,Enchanted,5/17/24,5,FALSE,Amber,https://cards.lorcast.io/card/digital/normal/crd_b20587f1945e42d59b750f9b69cc4a6b.avif?1716052430,26072745221
crd_7bd65d4574434dd3ba908203c8cea774,550718,Look at This Family,,Ursula's Return,Enchanted,5/17/24,7,TRUE,Amber,https://cards.lorcast.io/card/digital/normal/crd_7bd65d4574434dd3ba908203c8cea774.avif?1716052430,8072737753
crd_68c45595c25041f3bcf2073a5b533edd,550844,Ursula,Sea Witch Queen,Ursula's Return,Enchanted,5/17/24,7,TRUE,Amethyst,https://cards.lorcast.io/card/digital/normal/crd_68c45595c25041f3bcf2073a5b533edd.avif?1716052430,13072732590
crd_34dd94ad32194a96931c9e2ff311ad26,550538,Yen Sid,Powerful Sorcerer,Ursula's Return,Enchanted,5/17/24,2,TRUE,Amethyst,https://cards.lorcast.io/card/digital/normal/crd_34dd94ad32194a96931c9e2ff311ad26.avif?1716052430,4072738335
crd_45acf301d7e2469fb961cc1f06bd2889,551943,Second Star to the Right,,Ursula's Return,Enchanted,5/17/24,10,FALSE,Amethyst,https://cards.lorcast.io/card/digital/normal/crd_45acf301d7e2469fb961cc1f06bd2889.avif?1716052430,25072727184
crd_93ab5d88940f4610a375a928963a570f,550535,Diablo,Devoted Herald,Ursula's Return,Enchanted,5/17/24,3,FALSE,Emerald,https://cards.lorcast.io/card/digital/normal/crd_93ab5d88940f4610a375a928963a570f.avif?1716052430,6072751826
crd_54e413e671dc4fa3872b3481db960d47,551944,Jasmine,Desert Warrior,Ursula's Return,Enchanted,5/17/24,5,FALSE,Emerald,https://cards.lorcast.io/card/digital/normal/crd_54e413e671dc4fa3872b3481db960d47.avif?1716052430,15072740113
crd_3694abe0d09349ca9dbef6861ea42f5a,550541,We Don't Talk About Bruno,,Ursula's Return,Enchanted,5/17/24,5,TRUE,Emerald,https://cards.lorcast.io/card/digital/normal/crd_3694abe0d09349ca9dbef6861ea42f5a.avif?1716052430,10072748077
crd_3088ee50256240d0b22c045f593df9a8,550542,Goofy,Super Goof,Ursula's Return,Enchanted,5/17/24,4,TRUE,Ruby,https://cards.lorcast.io/card/digital/normal/crd_3088ee50256240d0b22c045f593df9a8.avif?1716052430,26072745280
crd_d0714091b2a14f478e2d7704c8eb50d8,550839,Sisu,Empowered Sibling,Ursula's Return,Enchanted,5/17/24,8,FALSE,Ruby,https://cards.lorcast.io/card/digital/normal/crd_d0714091b2a14f478e2d7704c8eb50d8.avif?1716052430,13072732634
crd_016db7e8b21348aca4b407fb6d2ce26d,550838,Snuggly Duckling,Disreputable Pub,Ursula's Return,Enchanted,5/17/24,2,TRUE,Ruby,https://cards.lorcast.io/card/digital/normal/crd_016db7e8b21348aca4b407fb6d2ce26d.avif?1716052430,19072736907
crd_6155d5f7f7da4f3da02d755d51f10fa7,550674,Anna,True-Hearted,Ursula's Return,Enchanted,5/17/24,4,TRUE,Sapphire,https://cards.lorcast.io/card/digital/normal/crd_6155d5f7f7da4f3da02d755d51f10fa7.avif?1716052430,23072744408
crd_20f6a0577b714cf393648a074b1f0bb2,550540,The Queen,Diviner,Ursula's Return,Enchanted,5/17/24,3,TRUE,Sapphire,https://cards.lorcast.io/card/digital/normal/crd_20f6a0577b714cf393648a074b1f0bb2.avif?1716052430,26072745238
crd_79195cfde0ae4948894c37bef02d9e6f,550719,Ariel's Grotto,A Secret Place,Ursula's Return,Enchanted,5/17/24,2,TRUE,Sapphire,https://cards.lorcast.io/card/digital/normal/crd_79195cfde0ae4948894c37bef02d9e6f.avif?1716052430,12072723162
crd_94501fb9ecad49e9a81cd51f7c31dac7,550549,Ariel,Sonic Warrior,Ursula's Return,Enchanted,5/17/24,6,TRUE,Steel,https://cards.lorcast.io/card/digital/normal/crd_94501fb9ecad49e9a81cd51f7c31dac7.avif?1716052430,12072723167
crd_8ac9f95c19af4213b7c6aed341965206,550721,Piglet,Sturdy Swordsman,Ursula's Return,Enchanted,5/17/24,5,FALSE,Steel,https://cards.lorcast.io/card/digital/normal/crd_8ac9f95c19af4213b7c6aed341965206.avif?1716052430,13072732630
crd_ae2a969b746542268ff0bcfc735ea367,550536,The Wall,Border Fortress,Ursula's Return,Enchanted,5/17/24,4,TRUE,Steel,https://cards.lorcast.io/card/digital/normal/crd_ae2a969b746542268ff0bcfc735ea367.avif?1716052430,20072735583
crd_248b8f0ae7a84f368e48086307f50ff7,634261,Jafar,High Sultan of Lorcana,Promo Set 2,Enchanted,8/9/24,5,FALSE,Amethyst Steel,https://cards.lorcast.io/card/digital/normal/crd_248b8f0ae7a84f368e48086307f50ff7.avif?1755564077,8079581877
crd_74f050d47ef34391ba29b8c521450dac,561993,Prince Naveen,Ukulele Player,Shimmering Skies,Enchanted,8/9/24,4,FALSE,Amber,https://cards.lorcast.io/card/digital/normal/crd_74f050d47ef34391ba29b8c521450dac.avif?1723917209,13072732533
crd_6d0b490fddd34aab828b26cb90a827d6,561992,Vanellope von Schweetz,Sugar Rush Princess,Shimmering Skies,Enchanted,8/9/24,4,TRUE,Amber,https://cards.lorcast.io/card/digital/normal/crd_6d0b490fddd34aab828b26cb90a827d6.avif?1723917209,8072737763
crd_d7a644695e604c958aee5d0ba8fa8415,561979,Revive,,Shimmering Skies,Enchanted,8/9/24,5,FALSE,Amber,https://cards.lorcast.io/card/digital/normal/crd_d7a644695e604c958aee5d0ba8fa8415.avif?1723917209,19072736911
crd_cb38cec5fa8e49139bb0377111d6d048,561977,Archimedes,Electrified Owl,Shimmering Skies,Enchanted,8/9/24,5,TRUE,Amethyst,https://cards.lorcast.io/card/digital/normal/crd_cb38cec5fa8e49139bb0377111d6d048.avif?1723917209,22072735439
crd_19b1f802f23a4673aac60e04df0fb2ba,561994,Olaf,Happy Passenger,Shimmering Skies,Enchanted,8/9/24,9,FALSE,Amethyst,https://cards.lorcast.io/card/digital/normal/crd_19b1f802f23a4673aac60e04df0fb2ba.avif?1723917209,6072751757
crd_ae57eb31413644379c43ec4208a4023b,561982,Finders Keepers,,Shimmering Skies,Enchanted,8/9/24,5,TRUE,Amethyst,https://cards.lorcast.io/card/digital/normal/crd_ae57eb31413644379c43ec4208a4023b.avif?1723917209,20072735556
crd_8dbe711cfb4541309eb32cf37fe48997,561991,Clarabelle,Light on Her Hooves,Shimmering Skies,Enchanted,8/9/24,7,TRUE,Emerald,https://cards.lorcast.io/card/digital/normal/crd_8dbe711cfb4541309eb32cf37fe48997.avif?1723917209,2343783522
crd_e382f2cee40343d7ae3faed897045a66,561980,Scar,Vengeful Lion,Shimmering Skies,Enchanted,8/9/24,4,TRUE,Emerald,https://cards.lorcast.io/card/digital/normal/crd_e382f2cee40343d7ae3faed897045a66.avif?1723917209,18072744829
crd_f799b47b4b894912a8d83942d0fa4d22,561983,You're Welcome,,Shimmering Skies,Enchanted,8/9/24,4,TRUE,Emerald,https://cards.lorcast.io/card/digital/normal/crd_f799b47b4b894912a8d83942d0fa4d22.avif?1723917209,22072735491
crd_306fb0ac65b44f289a2cbacac51ba9fe,559716,Donald Duck,Pie Slinger,Shimmering Skies,Enchanted,8/9/24,5,TRUE,Ruby,https://cards.lorcast.io/card/digital/normal/crd_306fb0ac65b44f289a2cbacac51ba9fe.avif?1723917209,14072726727
crd_d08869cde8294b0b9f73d0f7192e2335,561984,Robin Hood,Sharpshooter,Shimmering Skies,Enchanted,8/9/24,4,FALSE,Ruby,https://cards.lorcast.io/card/digital/normal/crd_d08869cde8294b0b9f73d0f7192e2335.avif?1723917209,3072738674
crd_4690391667a14f42a7df8ef76771703d,562000,Ratigan's Party,Seedy Back Room,Shimmering Skies,Enchanted,8/9/24,2,TRUE,Ruby,https://cards.lorcast.io/card/digital/normal/crd_4690391667a14f42a7df8ef76771703d.avif?1723917209,12072723070
crd_ca78ff510359490a862b871b577a5fec,562021,Mufasa,Ruler of Pride Rock,Shimmering Skies,Enchanted,8/9/24,8,FALSE,Sapphire,https://cards.lorcast.io/card/digital/normal/crd_ca78ff510359490a862b871b577a5fec.avif?1723917209,3072738613
crd_9c2a04a39aee4b989bf2b1f18bf923ba,561995,King Candy,Sweet Abomination,Shimmering Skies,Enchanted,8/9/24,5,FALSE,Sapphire,https://cards.lorcast.io/card/digital/normal/crd_9c2a04a39aee4b989bf2b1f18bf923ba.avif?1723917209,5072746163
crd_ae4635bbf7ef4b4fb6a30c61f633fa0d,561976,Royal Tantrum,,Shimmering Skies,Enchanted,8/9/24,4,FALSE,Sapphire,https://cards.lorcast.io/card/digital/normal/crd_ae4635bbf7ef4b4fb6a30c61f633fa0d.avif?1723917209,23072744404
crd_222e3894d8c04d2899b047a97912b5c6,562007,Snow White,Fair-Hearted,Shimmering Skies,Enchanted,8/9/24,5,FALSE,Steel,https://cards.lorcast.io/card/digital/normal/crd_222e3894d8c04d2899b047a97912b5c6.avif?1723917209,24072730741
crd_ad336bbf94b74813aa25312a57af4525,561981,Arthur,King Victorious,Shimmering Skies,Enchanted,8/9/24,7,FALSE,Steel,https://cards.lorcast.io/card/digital/normal/crd_ad336bbf94b74813aa25312a57af4525.avif?1723917209,3072738673
crd_c88d044f605440a29cbf41b7cdc7d340,561978,Bad-Anon,Villain Support Center,Shimmering Skies,Enchanted,8/9/24,3,TRUE,Steel,https://cards.lorcast.io/card/digital/normal/crd_c88d044f605440a29cbf41b7cdc7d340.avif?1723917209,16072725842
crd_c1cd26316f4948a382770ffb29440699,592030,Chip 'n' Dale,Recovery Rangers,Azurite Sea,Enchanted,11/15/24,8,FALSE,Amber,https://cards.lorcast.io/card/digital/normal/crd_c1cd26316f4948a382770ffb29440699.avif?1730901319,16072725813
crd_4dfb12a1e5844317a783074a548bc8c7,592031,Tiana,Restaurant Owner,Azurite Sea,Enchanted,11/15/24,3,FALSE,Amber,https://cards.lorcast.io/card/digital/normal/crd_4dfb12a1e5844317a783074a548bc8c7.avif?1730901319,15072740072
crd_60630688715e45079236d447087a9a83,592001,Sugar Rush Speedway,Finish Line,Azurite Sea,Enchanted,11/15/24,2,FALSE,Amber,https://cards.lorcast.io/card/digital/normal/crd_60630688715e45079236d447087a9a83.avif?1730901319,9072730723
crd_d5432572fd3d4dfc95b01b682c71943c,592032,Rafiki,Ethereal Guide,Azurite Sea,Enchanted,11/15/24,9,FALSE,Amethyst,https://cards.lorcast.io/card/digital/normal/crd_d5432572fd3d4dfc95b01b682c71943c.avif?1730901319,8072737780
crd_b8f5f89ae4fa49e29637b1fffd9c9e4c,592013,Yzma,Conniving Chemist,Azurite Sea,Enchanted,11/15/24,4,TRUE,Amethyst,https://cards.lorcast.io/card/digital/normal/crd_b8f5f89ae4fa49e29637b1fffd9c9e4c.avif?1730901319,8072737779
crd_66c2f5fd704b45bdbe79f585ac31d6fc,592034,Maleficent's Staff,,Azurite Sea,Enchanted,11/15/24,2,TRUE,Amethyst,https://cards.lorcast.io/card/digital/normal/crd_66c2f5fd704b45bdbe79f585ac31d6fc.avif?1730901319,23072744347
crd_21bfac43fba64c06ab62139f3befd6c1,592040,Daisy Duck,Pirate Captain,Azurite Sea,Enchanted,11/15/24,4,TRUE,Emerald,https://cards.lorcast.io/card/digital/normal/crd_21bfac43fba64c06ab62139f3befd6c1.avif?1730901319,19072736920
crd_03fecbc6607a4948a586ccf4f0915c79,591994,Basil,Disguised Detective,Azurite Sea,Enchanted,11/15/24,6,TRUE,Emerald,https://cards.lorcast.io/card/digital/normal/crd_03fecbc6607a4948a586ccf4f0915c79.avif?1730901319,9072730719
crd_b29e4a26e9324724aab37e97a7738476,591998,You Came Back,,Azurite Sea,Enchanted,11/15/24,3,FALSE,Emerald,https://cards.lorcast.io/card/digital/normal/crd_b29e4a26e9324724aab37e97a7738476.avif?1730901319,15072740111
crd_b1ea1c67fc224e968a4906149590585c,592036,Raya,Kumandran Rider,Azurite Sea,Enchanted,11/15/24,4,TRUE,Ruby,https://cards.lorcast.io/card/digital/normal/crd_b1ea1c67fc224e968a4906149590585c.avif?1730901319,28072746939
crd_865641f3cac34a65a36bb2404f4e39dd,592037,Tigger,In the Crow's Nest,Azurite Sea,Enchanted,11/15/24,3,TRUE,Ruby,https://cards.lorcast.io/card/digital/normal/crd_865641f3cac34a65a36bb2404f4e39dd.avif?1730901319,2343783553
crd_37f652aa15934d2b9bd7ad15eb18bbfb,592000,The Islands I Pulled From the Sea,,Azurite Sea,Enchanted,11/15/24,3,FALSE,Ruby,https://cards.lorcast.io/card/digital/normal/crd_37f652aa15934d2b9bd7ad15eb18bbfb.avif?1730901319,21072745326
crd_ae7e15af9559439ba734caac9aa567e5,592038,Gadget Hackwrench,Brilliant Bosun,Azurite Sea,Enchanted,11/15/24,6,TRUE,Sapphire,https://cards.lorcast.io/card/digital/normal/crd_ae7e15af9559439ba734caac9aa567e5.avif?1730901319,20072735553
crd_7a1524eb2f994287ab6de2e677431724,591999,Baymax,Personal Healthcare Companion,Azurite Sea,Enchanted,11/15/24,3,TRUE,Sapphire,https://cards.lorcast.io/card/digital/normal/crd_7a1524eb2f994287ab6de2e677431724.avif?1730901319,23072744348
crd_c75fe9ce070a454696dd8d42c6931c68,592012,We Could Be Immortals,,Azurite Sea,Enchanted,11/15/24,4,TRUE,Sapphire,https://cards.lorcast.io/card/digital/normal/crd_c75fe9ce070a454696dd8d42c6931c68.avif?1730901319,22072735402
crd_98e2f67c2ee14092be9f89b31f20db4e,590822,Wreck-It Ralph,Ham Hands,Azurite Sea,Enchanted,11/15/24,6,FALSE,Steel,https://cards.lorcast.io/card/digital/normal/crd_98e2f67c2ee14092be9f89b31f20db4e.avif?1730901319,13072732543
crd_eb10018264004dc59f9bf0f31295d757,592014,Captain Amelia,Commander of the Legacy,Azurite Sea,Enchanted,11/15/24,4,TRUE,Steel,https://cards.lorcast.io/card/digital/normal/crd_eb10018264004dc59f9bf0f31295d757.avif?1730901319,4072738342
crd_c343d1fc29f3491f95bb460c90e081a7,593162,Treasure Mountain,Azurite Sea Island,Azurite Sea,Enchanted,11/15/24,5,FALSE,Steel,https://cards.lorcast.io/card/digital/normal/crd_c343d1fc29f3491f95bb460c90e081a7.avif?1730901319,19072736934
crd_54102dba80604a609eed679b7f33fad3,619733,Aurora,Waking Beauty,Archazia's Island,Enchanted,3/7/25,3,TRUE,Amber,https://cards.lorcast.io/card/digital/normal/crd_54102dba80604a609eed679b7f33fad3.avif?1740590286,13075308489
crd_dbecb4ca526f46ac8faa1a361f1c8bdf,619734,Mirabel Madrigal,Musically Talented,Archazia's Island,Enchanted,3/7/25,6,TRUE,Amber Amethyst,https://cards.lorcast.io/card/digital/normal/crd_dbecb4ca526f46ac8faa1a361f1c8bdf.avif?1740590291,5075320539
crd_e8863a1965284a3bad897ee8614d2866,619735,Bolt,Superdog,Archazia's Island,Enchanted,3/7/25,5,TRUE,Amber Steel,https://cards.lorcast.io/card/digital/normal/crd_e8863a1965284a3bad897ee8614d2866.avif?1740590297,23075320393
crd_aa7db27471b142cfa97cd5ca3409669d,619736,The Glass Slipper,,Archazia's Island,Enchanted,3/7/25,2,FALSE,Amber,https://cards.lorcast.io/card/digital/normal/crd_aa7db27471b142cfa97cd5ca3409669d.avif?1740590302,26075321816
crd_ac531a6c2f3046d3adcffbd1b1e5228e,619737,Donald Duck,Flustered Sorcerer,Archazia's Island,Enchanted,3/7/25,7,FALSE,Amethyst,https://cards.lorcast.io/card/digital/normal/crd_ac531a6c2f3046d3adcffbd1b1e5228e.avif?1740590306,6075325817
crd_1cda76d2cbe84ccda25bd2dc1b21844b,619738,Jafar,Newly Crowned,Archazia's Island,Enchanted,3/7/25,4,TRUE,Amethyst Steel,https://cards.lorcast.io/card/digital/normal/crd_1cda76d2cbe84ccda25bd2dc1b21844b.avif?1740590311,16075304556
crd_29df1d46e9f9463f9058c264f7b3bbd5,619739,Show Me More!,,Archazia's Island,Enchanted,3/7/25,2,FALSE,Amethyst,https://cards.lorcast.io/card/digital/normal/crd_29df1d46e9f9463f9058c264f7b3bbd5.avif?1740590316,20075314565
crd_07d1ea2923ad44b9b2dddf78993e103b,619740,Tramp,Enterprising Dog,Archazia's Island,Enchanted,3/7/25,2,TRUE,Emerald,https://cards.lorcast.io/card/digital/normal/crd_07d1ea2923ad44b9b2dddf78993e103b.avif?1740590321,7075325763
crd_6826d906dfc147e89f475f146034e75f,619741,Mad Hatter,Unruly Eccentric,Archazia's Island,Enchanted,3/7/25,6,TRUE,Emerald Ruby,https://cards.lorcast.io/card/digital/normal/crd_6826d906dfc147e89f475f146034e75f.avif?1740590325,8075316185
crd_434537e486234e2095f03c19628e07d4,619742,Hiro Hamada,Armor Designer,Archazia's Island,Enchanted,3/7/25,7,TRUE,Emerald Sapphire,https://cards.lorcast.io/card/digital/normal/crd_434537e486234e2095f03c19628e07d4.avif?1740590330,4075316680
crd_7896cd21215c42609fc262c908068d94,619743,The Return of Hercules,,Archazia's Island,Enchanted,3/7/25,5,TRUE,Emerald,https://cards.lorcast.io/card/digital/normal/crd_7896cd21215c42609fc262c908068d94.avif?1740590335,26075321833
crd_c43f19388b414266aeddb6cd78f7c020,619744,Ratigan,Nefarious Criminal,Archazia's Island,Enchanted,3/7/25,4,TRUE,Ruby,https://cards.lorcast.io/card/digital/normal/crd_c43f19388b414266aeddb6cd78f7c020.avif?1740590339,10075320034
crd_0d38ed42e8f14a299f6efefb250350d3,619745,Belle,Mechanic Extraordinaire,Archazia's Island,Enchanted,3/7/25,9,TRUE,Ruby Sapphire,https://cards.lorcast.io/card/digital/normal/crd_0d38ed42e8f14a299f6efefb250350d3.avif?1740590343,4075316674
crd_6a4c5fe1b3b74110acd16d725f8cc3f6,619746,Devil's Eye Diamond,,Archazia's Island,Enchanted,3/7/25,2,TRUE,Ruby,https://cards.lorcast.io/card/digital/normal/crd_6a4c5fe1b3b74110acd16d725f8cc3f6.avif?1740590348,28075325168
crd_f2493d13b19a45559af0e7ce96f079bc,619747,Tamatoa,Happy as a Clam,Archazia's Island,Enchanted,3/7/25,6,TRUE,Sapphire,https://cards.lorcast.io/card/digital/normal/crd_f2493d13b19a45559af0e7ce96f079bc.avif?1740590352,15075317373
crd_0fa2b60dcf3d46fbb5e61428e33d7d7d,619748,All Is Found,,Archazia's Island,Enchanted,3/7/25,5,TRUE,Sapphire,https://cards.lorcast.io/card/digital/normal/crd_0fa2b60dcf3d46fbb5e61428e33d7d7d.avif?1740590358,19075313060
crd_ec8ba95c2c20470ab00ef4f03c8db8ee,619749,Mickey Mouse,Inspirational Warrior,Archazia's Island,Enchanted,3/7/25,2,FALSE,Steel,https://cards.lorcast.io/card/digital/normal/crd_ec8ba95c2c20470ab00ef4f03c8db8ee.avif?1740590363,8075316183
crd_ad5f241dfb68479189af1ac3802327d7,619750,Restoring Atlantis,,Archazia's Island,Enchanted,3/7/25,5,FALSE,Steel,https://cards.lorcast.io/card/digital/normal/crd_ad5f241dfb68479189af1ac3802327d7.avif?1740590367,27075319094
crd_d5c56759b4164f8d98eac7c93c8514b2,633053,Lady,Decisive Dog,Reign of Jafar,Enchanted,5/30/25,1,TRUE,Amber Emerald,https://cards.lorcast.io/card/digital/normal/crd_d5c56759b4164f8d98eac7c93c8514b2.avif?1747703561,11079341424
crd_5615e8aef96941acb0e5cf1cfc8988c0,632252,Wreck-It Ralph,Big Lug,Reign of Jafar,Enchanted,5/30/25,7,FALSE,Amber Ruby,https://cards.lorcast.io/card/digital/normal/crd_5615e8aef96941acb0e5cf1cfc8988c0.avif?1747703572,12079198010
crd_db4137ebc57046a3ba7736adbdb01d44,632686,Perdita,Determined Mother,Reign of Jafar,Enchanted,5/30/25,6,TRUE,Amber Sapphire,https://cards.lorcast.io/card/digital/normal/crd_db4137ebc57046a3ba7736adbdb01d44.avif?1747509543,4079335481
crd_a288e4ad2fa24cadada391a6d1896d9c,631992,It Means No Worries,,Reign of Jafar,Enchanted,5/30/25,9,FALSE,Amber,https://cards.lorcast.io/card/digital/normal/crd_a288e4ad2fa24cadada391a6d1896d9c.avif?1747509548,23079185709
crd_6527615670294d2a8a23873bc964cec0,633099,Bambi,Little Prince,Reign of Jafar,Enchanted,5/30/25,3,FALSE,Amethyst,https://cards.lorcast.io/card/digital/normal/crd_6527615670294d2a8a23873bc964cec0.avif?1747509553,14079376226
crd_7f8ab8154a444fb69a3eed9c7647b623,632245,Kuzco,Impulsive Llama,Reign of Jafar,Enchanted,5/30/25,7,TRUE,Amethyst Emerald,https://cards.lorcast.io/card/digital/normal/crd_7f8ab8154a444fb69a3eed9c7647b623.avif?1747703583,27079216122
crd_a44f1da598c94ec18b4060bb1e932c66,632208,Mother Gothel,Knows What's Best,Reign of Jafar,Enchanted,5/30/25,2,FALSE,Amethyst Ruby,https://cards.lorcast.io/card/digital/normal/crd_a44f1da598c94ec18b4060bb1e932c66.avif?1747509558,24079208998
crd_a728498e9f554bb2b5e4fd82595ed11e,631975,Fantastical and Magical,,Reign of Jafar,Enchanted,5/30/25,9,FALSE,Amethyst,https://cards.lorcast.io/card/digital/normal/crd_a728498e9f554bb2b5e4fd82595ed11e.avif?1747509562,19079178880
crd_1f6ec070467643d195c82c92cf93c955,632720,Into the Unknown,,Reign of Jafar,Enchanted,5/30/25,3,TRUE,Amethyst Sapphire,https://cards.lorcast.io/card/digital/normal/crd_1f6ec070467643d195c82c92cf93c955.avif?1747703590,11079316418
crd_cf079ada81bd48cdb9290647f227982c,633103,Rapunzel,High Climber,Reign of Jafar,Enchanted,5/30/25,5,TRUE,Emerald,https://cards.lorcast.io/card/digital/normal/crd_cf079ada81bd48cdb9290647f227982c.avif?1747509568,6079401167
crd_0a53330fb9424adcab9e92d04aa428a0,632251,Captain Hook,The Pirate King,Reign of Jafar,Enchanted,5/30/25,5,TRUE,Emerald Steel,https://cards.lorcast.io/card/digital/normal/crd_0a53330fb9424adcab9e92d04aa428a0.avif?1748996315,13079207870
crd_a209d31e37bc44e78b2f56cf474bde5d,631988,Wrong Lever!,,Reign of Jafar,Enchanted,5/30/25,3,TRUE,Emerald,https://cards.lorcast.io/card/digital/normal/crd_a209d31e37bc44e78b2f56cf474bde5d.avif?1748996317,2350225518
crd_95167fa28eb2442c8d04fc67d2db7fa7,632684,Lilo,Causing an Uproar,Reign of Jafar,Enchanted,5/30/25,5,TRUE,Ruby,https://cards.lorcast.io/card/digital/normal/crd_95167fa28eb2442c8d04fc67d2db7fa7.avif?1748996322,3079331934
crd_4ea909f6818d4776ae936aa51aed88b8,632228,Mushu,Your Worst Nightmare,Reign of Jafar,Enchanted,5/30/25,6,TRUE,Ruby Steel,https://cards.lorcast.io/card/digital/normal/crd_4ea909f6818d4776ae936aa51aed88b8.avif?1747509578,9079203860
crd_8b81f6ba845442d095833d7c1bee3a6c,631989,The Sword of Shan-Yu,,Reign of Jafar,Enchanted,5/30/25,1,TRUE,Ruby,https://cards.lorcast.io/card/digital/normal/crd_8b81f6ba845442d095833d7c1bee3a6c.avif?1747509581,26079189652
crd_1a6358dd0385477eb83213749cb5d38f,633104,Stitch,Experiment 626,Reign of Jafar,Enchanted,5/30/25,3,FALSE,Sapphire,https://cards.lorcast.io/card/digital/normal/crd_1a6358dd0385477eb83213749cb5d38f.avif?1747509587,24079383344
crd_a8b66e0b4abe48f58f9c47dc25593197,633098,Jasmine,Steady Strategist,Reign of Jafar,Enchanted,5/30/25,4,TRUE,Sapphire Steel,https://cards.lorcast.io/card/digital/normal/crd_a8b66e0b4abe48f58f9c47dc25593197.avif?1747509592,26079394297
crd_cfbcf752b5064d1e8abfc2a2c6d3e98a,631990,Desperate Plan,,Reign of Jafar,Enchanted,5/30/25,3,FALSE,Steel,https://cards.lorcast.io/card/digital/normal/crd_cfbcf752b5064d1e8abfc2a2c6d3e98a.avif?1747509597,14079171917
crd_61593ca4abb44723ae95ab9228e27aee,650141,The Queen,Conceited Ruler,Fabled,Epic,8/29/25,3,TRUE,Amber,https://cards.lorcast.io/card/digital/normal/crd_61593ca4abb44723ae95ab9228e27aee.avif?1755541452,28084733938
crd_d292fcaa144d4f739bda2c14948da2ce,650142,Aurora,Holding Court,Fabled,Epic,8/29/25,1,TRUE,Amber,https://cards.lorcast.io/card/digital/normal/crd_d292fcaa144d4f739bda2c14948da2ce.avif?1755541458,5084729354
crd_6ccc388f32064927a08d9914aad4bc8f,650143,Stitch,Alien Dancer,Fabled,Epic,8/29/25,2,TRUE,Amber,https://cards.lorcast.io/card/digital/normal/crd_6ccc388f32064927a08d9914aad4bc8f.avif?1755541463,11084707207
crd_48ccbae93afd4032a54bf09f03f6a0c2,650145,Ursula,Sea Witch,Fabled,Epic,8/29/25,3,FALSE,Amethyst,https://cards.lorcast.io/card/digital/normal/crd_48ccbae93afd4032a54bf09f03f6a0c2.avif?1755541477,18084734095
crd_21489dcd479a4d209a1b740f356fff6f,647657,Kuzco,Wanted Llama,Fabled,Epic,8/29/25,2,TRUE,Amethyst,https://cards.lorcast.io/card/digital/normal/crd_21489dcd479a4d209a1b740f356fff6f.avif?1755541478,11084407534
crd_2b5958e1524648629b663fb210bb7f76,647660,Elsa,Snow Queen,Fabled,Epic,8/29/25,3,TRUE,Amethyst,https://cards.lorcast.io/card/digital/normal/crd_2b5958e1524648629b663fb210bb7f76.avif?1755541482,23084428888
crd_bc96b5e1045e45a38da57c302c634ba2,650147,Goofy,Set for Adventure,Fabled,Epic,8/29/25,2,TRUE,Emerald,https://cards.lorcast.io/card/digital/normal/crd_bc96b5e1045e45a38da57c302c634ba2.avif?1755541487,11084706935
crd_5623b1aaf330477aa9d14cd755597509,650149,Pegasus,Gift for Hercules,Fabled,Epic,8/29/25,1,TRUE,Emerald,https://cards.lorcast.io/card/digital/normal/crd_5623b1aaf330477aa9d14cd755597509.avif?1755541492,22084723305
crd_7b7cb2bd63084cf6942b7174b07be8c0,647659,Stand Out,,Fabled,Epic,8/29/25,3,TRUE,Emerald,https://cards.lorcast.io/card/digital/normal/crd_7b7cb2bd63084cf6942b7174b07be8c0.avif?1755541495,20084431225
crd_4d1c2c4913d1417294da21592cee8363,650150,Max Goof,Rockin' Teen,Fabled,Epic,8/29/25,3,TRUE,Ruby,https://cards.lorcast.io/card/digital/normal/crd_4d1c2c4913d1417294da21592cee8363.avif?1755541500,18084734116
crd_e234293cec8f422eb1d613594771e5ee,650151,Powerline,Musical Superstar,Fabled,Epic,8/29/25,3,TRUE,Ruby,https://cards.lorcast.io/card/digital/normal/crd_e234293cec8f422eb1d613594771e5ee.avif?1755541505,11084707165
crd_d47a329c9f87420c8c2714ea6f7fffde,650152,Be King Undisputed,,Fabled,Epic,8/29/25,4,FALSE,Ruby,https://cards.lorcast.io/card/digital/normal/crd_d47a329c9f87420c8c2714ea6f7fffde.avif?1755541510,19084722070
crd_54148f51de174f4a93a475eec138365e,647656,Alice,Accidentally Adrift,Fabled,Epic,8/29/25,4,TRUE,Sapphire,https://cards.lorcast.io/card/digital/normal/crd_54148f51de174f4a93a475eec138365e.avif?1755541514,4084426690
crd_d911158c4175449e9814484f3c5adb06,650153,Anna,Braving the Storm,Fabled,Epic,8/29/25,2,TRUE,Sapphire,https://cards.lorcast.io/card/digital/normal/crd_d911158c4175449e9814484f3c5adb06.avif?1755541519,25084710206
crd_2124e542c7de4cadb69cb6e1887547ee,650154,The Queen,Mirror Seeker,Fabled,Epic,8/29/25,4,TRUE,Sapphire,https://cards.lorcast.io/card/digital/normal/crd_2124e542c7de4cadb69cb6e1887547ee.avif?1755541522,15084754587
crd_888f26474eba4f569f94c99251eddf06,650155,Robin Hood,Capable Fighter,Fabled,Epic,8/29/25,2,FALSE,Steel,https://cards.lorcast.io/card/digital/normal/crd_888f26474eba4f569f94c99251eddf06.avif?1755541527,20084729671
crd_a78a6d864bae48dca06ed1dc25e75e3f,650156,Mickey Mouse,Standard Bearer,Fabled,Epic,8/29/25,2,TRUE,Steel,https://cards.lorcast.io/card/digital/normal/crd_a78a6d864bae48dca06ed1dc25e75e3f.avif?1755541538,7084734752
crd_ae1714b13cbc42a4a83ec36fee365526,650157,One Last Hope,,Fabled,Epic,8/29/25,3,FALSE,Steel,https://cards.lorcast.io/card/digital/normal/crd_ae1714b13cbc42a4a83ec36fee365526.avif?1755541539,27084730244
crd_c233fd3627b24b02bd616aa62bbdc83a,651110,Pongo,Determined Father,Fabled,Enchanted,8/29/25,3,TRUE,Amber,https://cards.lorcast.io/card/digital/normal/crd_c233fd3627b24b02bd616aa62bbdc83a.avif?1755541543,26085035563
crd_8016f590ebb344a2934d76f614fedbba,651122,Beast,Gracious Prince,Fabled,Enchanted,8/29/25,5,TRUE,Amber,https://cards.lorcast.io/card/digital/normal/crd_8016f590ebb344a2934d76f614fedbba.avif?1755541547,24085020991
crd_ee377c93c09341fe808b8582cbded0f2,649230,Circle of Life,,Fabled,Enchanted,8/29/25,8,TRUE,Amber,https://cards.lorcast.io/card/digital/normal/crd_ee377c93c09341fe808b8582cbded0f2.avif?1755541555,13084592873
crd_c51b6a26015b45f298d1664787f37234,651121,Belle,Accomplished Mystic,Fabled,Enchanted,8/29/25,5,TRUE,Amethyst,https://cards.lorcast.io/card/digital/normal/crd_c51b6a26015b45f298d1664787f37234.avif?1755541561,3085022564
crd_69d9b22e10244e2fb65ffbdb5f99da83,651107,Winnie the Pooh,Hunny Wizard,Fabled,Enchanted,8/29/25,5,TRUE,Amethyst,https://cards.lorcast.io/card/digital/normal/crd_69d9b22e10244e2fb65ffbdb5f99da83.avif?1755541566,2356071196
crd_aa13ad9fe176464bac51e72c45dd6914,651119,Dumbo,Ninth Wonder of the Universe,Fabled,Enchanted,8/29/25,4,TRUE,Amethyst,https://cards.lorcast.io/card/digital/normal/crd_aa13ad9fe176464bac51e72c45dd6914.avif?1755541571,23085029621
crd_aed92d8e19b14ef19a92fb436dde357c,651118,Genie,Of the Lamp,Fabled,Enchanted,8/29/25,4,TRUE,Emerald,https://cards.lorcast.io/card/digital/normal/crd_aed92d8e19b14ef19a92fb436dde357c.avif?1755541575,15085028526
crd_b5087f60fdf4442686a00fb4243fcf48,651113,Max Goof,Chart Topper,Fabled,Enchanted,8/29/25,6,TRUE,Emerald,https://cards.lorcast.io/card/digital/normal/crd_b5087f60fdf4442686a00fb4243fcf48.avif?1755541581,11085007859
crd_d72f9b00497a4ff0ac7ddb0f85da659d,651112,Mickey Mouse,Steamboat Pilot,Fabled,Enchanted,8/29/25,3,TRUE,Emerald,https://cards.lorcast.io/card/digital/normal/crd_d72f9b00497a4ff0ac7ddb0f85da659d.avif?1755541586,20085031262
crd_e6a1d03334964fb78033020d86a5f502,651123,Ariel,Adventurous Collector,Fabled,Enchanted,8/29/25,3,TRUE,Ruby,https://cards.lorcast.io/card/digital/normal/crd_e6a1d03334964fb78033020d86a5f502.avif?1755541590,19085023566
crd_be9c85638bda44878c44cf4cc7e7cfb0,649231,Powerline,World's Greatest Rock Star,Fabled,Enchanted,8/29/25,6,TRUE,Ruby,https://cards.lorcast.io/card/digital/normal/crd_be9c85638bda44878c44cf4cc7e7cfb0.avif?1755541595,19084593324
crd_d2d94d7cffe349d9a618f8bdb6695f29,651116,I2I,,Fabled,Enchanted,8/29/25,9,TRUE,Ruby,https://cards.lorcast.io/card/digital/normal/crd_d2d94d7cffe349d9a618f8bdb6695f29.avif?1755541601,3085022575
crd_08b670dabf3b4ff0a56cb4525b0b57db,651111,Mulan,Considerate Diplomat,Fabled,Enchanted,8/29/25,5,TRUE,Sapphire,https://cards.lorcast.io/card/digital/normal/crd_08b670dabf3b4ff0a56cb4525b0b57db.avif?1755541606,17085027365
crd_f5d62175b09243eda1bf9f34ea01d884,651120,Cruella De Vil,Style Icon,Fabled,Enchanted,8/29/25,3,FALSE,Sapphire,https://cards.lorcast.io/card/digital/normal/crd_f5d62175b09243eda1bf9f34ea01d884.avif?1755541611,11085007939
crd_050ae6da90154532905911c8c2569802,651117,Hades,Infernal Schemer,Fabled,Enchanted,8/29/25,7,FALSE,Sapphire,https://cards.lorcast.io/card/digital/normal/crd_050ae6da90154532905911c8c2569802.avif?1755541616,17085027326
crd_fbccd8fc95fa45009665824b0731c3d3,649236,Lilo,Best Explorer Ever,Fabled,Enchanted,8/29/25,3,TRUE,Steel,https://cards.lorcast.io/card/digital/normal/crd_fbccd8fc95fa45009665824b0731c3d3.avif?1755541621,14084582594
crd_3d02b1019aa34f70b5e0da64191d9326,651108,Scar,Finally King,Fabled,Enchanted,8/29/25,5,FALSE,Steel,https://cards.lorcast.io/card/digital/normal/crd_3d02b1019aa34f70b5e0da64191d9326.avif?1755541626,5085031027
crd_7e0b8f2e97fc4d6ca8badbb552024f58,651114,Jasmine,Fearless Princess,Fabled,Enchanted,8/29/25,5,TRUE,Steel,https://cards.lorcast.io/card/digital/normal/crd_7e0b8f2e97fc4d6ca8badbb552024f58.avif?1755541630,15085028484
crd_77b92f4bb7d2460ea85b9d547cb8e72f,651106,Minnie Mouse,Sweetheart Princess,Fabled,Iconic,8/29/25,4,TRUE,Amber,https://cards.lorcast.io/card/digital/normal/crd_77b92f4bb7d2460ea85b9d547cb8e72f.avif?1755541635,7085035146
crd_4d10d4cd91454ff389318fd9a19a879f,647663,Mickey Mouse,Brave Little Prince,Fabled,Iconic,8/29/25,3,TRUE,Ruby,https://cards.lorcast.io/card/digital/normal/crd_4d10d4cd91454ff389318fd9a19a879f.avif?1755541640,9084421091
crd_6283ca50c61544b7a6226fadbc7f0a17,660359,Goofy,Ghost Hunter,Whispers in the Well,Epic,11/7/25,4,TRUE,Amber,https://cards.lorcast.io/card/digital/normal/crd_6283ca50c61544b7a6226fadbc7f0a17.avif?1761765076,22086769684
crd_22fb811c179742f6b17bead54e0d68f2,657888,Gaston,Frightful Bully,Whispers in the Well,Epic,11/7/25,2,FALSE,Amber,https://cards.lorcast.io/card/digital/normal/crd_22fb811c179742f6b17bead54e0d68f2.avif?1761765077,6086433032
crd_faf17cc51b9748daa7187f81103430d0,660013,The Horseman Strikes!,,Whispers in the Well,Epic,11/7/25,3,TRUE,Amber,https://cards.lorcast.io/card/digital/normal/crd_faf17cc51b9748daa7187f81103430d0.avif?1761765104,6086698629
crd_04d59c2ff0e648eb9dad622fa82ce49b,660188,Elsa,Exploring the Unknown,Whispers in the Well,Epic,11/7/25,3,TRUE,Amethyst,https://cards.lorcast.io/card/digital/normal/crd_04d59c2ff0e648eb9dad622fa82ce49b.avif?1761765135,16086731649
crd_d51cdd2a1d904e03adb5e255a2b53a22,660189,Merlin,Completing His Research,Whispers in the Well,Epic,11/7/25,2,FALSE,Amethyst,https://cards.lorcast.io/card/digital/normal/crd_d51cdd2a1d904e03adb5e255a2b53a22.avif?1761765172,4086775656
crd_ffc221e006704b97a8b62c29180b33b2,658323,The Horned King,Triumphant Ghoul,Whispers in the Well,Epic,11/7/25,2,TRUE,Amethyst,https://cards.lorcast.io/card/digital/normal/crd_ffc221e006704b97a8b62c29180b33b2.avif?1761765173,23086554525
crd_63194dcb766c473093e3802f309030e0,660190,Webby Vanderquack,Mystery Enthusiast,Whispers in the Well,Epic,11/7/25,1,TRUE,Emerald,https://cards.lorcast.io/card/digital/normal/crd_63194dcb766c473093e3802f309030e0.avif?1761765215,12086757669
crd_f2d99b79354c466ebcaaeadcba69678e,660191,Kaa,Secretive Snake,Whispers in the Well,Epic,11/7/25,7,TRUE,Emerald,https://cards.lorcast.io/card/digital/normal/crd_f2d99b79354c466ebcaaeadcba69678e.avif?1761765245,17086778746
crd_78c11305e1674d348fe8839940f029a5,658217,Megara,Secret Keeper,Whispers in the Well,Epic,11/7/25,3,TRUE,Emerald,https://cards.lorcast.io/card/digital/normal/crd_78c11305e1674d348fe8839940f029a5.avif?1761765245,12086390266
crd_1eeb3d6d93bf4e228fafce3b3d4cdcff,660268,Tinker Bell,Fancy Footwork,Whispers in the Well,Epic,11/7/25,1,TRUE,Ruby,https://cards.lorcast.io/card/digital/normal/crd_1eeb3d6d93bf4e228fafce3b3d4cdcff.avif?1761765288,14086754161
crd_082177dd6df34573a455c5f1b2ddad31,660362,Mulan,Standing Her Ground,Whispers in the Well,Epic,11/7/25,3,TRUE,Ruby,https://cards.lorcast.io/card/digital/normal/crd_082177dd6df34573a455c5f1b2ddad31.avif?1761765327,24086748323
crd_eca465c4f9f6483db912ae876f8011ce,660269,Aladdin,Barreling Through,Whispers in the Well,Epic,11/7/25,3,TRUE,Ruby,https://cards.lorcast.io/card/digital/normal/crd_eca465c4f9f6483db912ae876f8011ce.avif?1761765376,15086747760
crd_8076e7de5c3a4681b8a91629932092e5,660363,Daisy Duck,Ghost Finder,Whispers in the Well,Epic,11/7/25,2,TRUE,Sapphire,https://cards.lorcast.io/card/digital/normal/crd_8076e7de5c3a4681b8a91629932092e5.avif?1761765413,21086772302
crd_c74126bc80ba4d52bc7c499ba67dce25,660270,Kristoff,Mining the Ruins,Whispers in the Well,Epic,11/7/25,3,TRUE,Sapphire,https://cards.lorcast.io/card/digital/normal/crd_c74126bc80ba4d52bc7c499ba67dce25.avif?1761765466,22086769390
crd_7101d6f7aaba488e9a508b0d40172743,660271,Sudden Scare,,Whispers in the Well,Epic,11/7/25,4,TRUE,Sapphire,https://cards.lorcast.io/card/digital/normal/crd_7101d6f7aaba488e9a508b0d40172743.avif?1761765493,21086772218
crd_1ad6e15d73174d7ab0d55b27d770e14d,660364,Minnie Mouse,Ghost Hunter,Whispers in the Well,Epic,11/7/25,2,TRUE,Steel,https://cards.lorcast.io/card/digital/normal/crd_1ad6e15d73174d7ab0d55b27d770e14d.avif?1761765524,23086757093
crd_9a7e83a63b8444438f4bc7714df6faf9,660272,Robin Hood,Ephemeral Archer,Whispers in the Well,Epic,11/7/25,4,TRUE,Steel,https://cards.lorcast.io/card/digital/normal/crd_9a7e83a63b8444438f4bc7714df6faf9.avif?1761765525,23086757624
crd_de5dfda85c534def9ee3a0d93cb55597,660026,He Hurled His Thunderbolt,,Whispers in the Well,Epic,11/7/25,4,FALSE,Steel,https://cards.lorcast.io/card/digital/normal/crd_de5dfda85c534def9ee3a0d93cb55597.avif?1761765564,15086673314
crd_51faef6e502845188f6fee9429829df2,660365,Goofy,Galumphing Gumshoe,Whispers in the Well,Enchanted,11/7/25,8,TRUE,Amber,https://cards.lorcast.io/card/digital/normal/crd_51faef6e502845188f6fee9429829df2.avif?1761765610,2357814230
crd_54bfc0bd37f44871a4ef50193d58ca2c,658449,Simba,King in the Making,Whispers in the Well,Enchanted,11/7/25,7,TRUE,Amber,https://cards.lorcast.io/card/digital/normal/crd_54bfc0bd37f44871a4ef50193d58ca2c.avif?1761765611,26086469212
crd_24dfd54db49e4a5d8004c51d0882aa46,658884,The Black Cauldron,,Whispers in the Well,Enchanted,11/7/25,3,FALSE,Amber,https://cards.lorcast.io/card/digital/normal/crd_24dfd54db49e4a5d8004c51d0882aa46.avif?1761765616,20086472588
crd_831e34ca1c2143dd82785500356c339e,660044,The Horned King,Wicked Ruler,Whispers in the Well,Enchanted,11/7/25,4,TRUE,Amethyst,https://cards.lorcast.io/card/digital/normal/crd_831e34ca1c2143dd82785500356c339e.avif?1761765648,14086755034
crd_ed9fc60aa63a4eafa4116188e41910f2,658215,Demona,Scourge of the Wyvern Clan,Whispers in the Well,Enchanted,11/7/25,6,TRUE,Amethyst,https://cards.lorcast.io/card/digital/normal/crd_ed9fc60aa63a4eafa4116188e41910f2.avif?1761765648,4086410024
crd_715c77fe8d9b410d8194beea91b7163d,660041,Can't Hold it Back Anymore,,Whispers in the Well,Enchanted,11/7/25,4,FALSE,Amethyst,https://cards.lorcast.io/card/digital/normal/crd_715c77fe8d9b410d8194beea91b7163d.avif?1761782210,22086769807
crd_c607f55525894e1bbdb8121eed6bf886,660173,Webby Vanderquack,Junior Prospector,Whispers in the Well,Enchanted,11/7/25,4,TRUE,Emerald,https://cards.lorcast.io/card/digital/normal/crd_c607f55525894e1bbdb8121eed6bf886.avif?1761766210,27086770622
crd_9a1c82a2d3dd4ef898fb86f089242018,659443,Baloo,Carefree Bear,Whispers in the Well,Enchanted,11/7/25,5,TRUE,Emerald,https://cards.lorcast.io/card/digital/normal/crd_9a1c82a2d3dd4ef898fb86f089242018.avif?1761766211,12086580201
crd_5547bd08bb6344d4bcd03d37e415c75f,660027,"Malicious, Mean, and Scary",,Whispers in the Well,Enchanted,11/7/25,3,TRUE,Emerald,https://cards.lorcast.io/card/digital/normal/crd_5547bd08bb6344d4bcd03d37e415c75f.avif?1761782128,28086696692
crd_c2a0cc56159841db921d13a52589d13a,660012,The Headless Horseman,Terror of Sleepy Hollow,Whispers in the Well,Enchanted,11/7/25,5,FALSE,Ruby,https://cards.lorcast.io/card/digital/normal/crd_c2a0cc56159841db921d13a52589d13a.avif?1761766695,25086676859
crd_ee5abfdfaa9d469e93dd20e1253ed1d0,660042,Lady Tremaine,Sinister Socialite,Whispers in the Well,Enchanted,11/7/25,5,FALSE,Ruby,https://cards.lorcast.io/card/digital/normal/crd_ee5abfdfaa9d469e93dd20e1253ed1d0.avif?1761766696,12086757938
crd_fe0bc499ead74e4f8a5d2b0e6037cf91,660028,"Next Stop, Olympus",,Whispers in the Well,Enchanted,11/7/25,2,TRUE,Ruby,https://cards.lorcast.io/card/digital/normal/crd_fe0bc499ead74e4f8a5d2b0e6037cf91.avif?1761766701,27086695719
crd_5413c96876fd4884861caaef3fcb58b5,660043,Judy Hopps,Lead Detective,Whispers in the Well,Enchanted,11/7/25,6,TRUE,Sapphire,https://cards.lorcast.io/card/digital/normal/crd_5413c96876fd4884861caaef3fcb58b5.avif?1761766739,12086757668
crd_3c235410b79145c080fa8e3b000a2c60,660029,Cinderella,Dream Come True,Whispers in the Well,Enchanted,11/7/25,4,FALSE,Sapphire,https://cards.lorcast.io/card/digital/normal/crd_3c235410b79145c080fa8e3b000a2c60.avif?1761766772,10086667431
crd_9a1fff8a9426484ebc7fae9cb8605572,660011,Spooky Sight,,Whispers in the Well,Enchanted,11/7/25,6,FALSE,Sapphire,https://cards.lorcast.io/card/digital/normal/crd_9a1fff8a9426484ebc7fae9cb8605572.avif?1761782335,5086697063
crd_8941521977e54d6fa2baaae91d13fb6e,660035,Goliath,Clan Leader,Whispers in the Well,Enchanted,11/7/25,6,TRUE,Steel,https://cards.lorcast.io/card/digital/normal/crd_8941521977e54d6fa2baaae91d13fb6e.avif?1761766879,22086769391
crd_8a558015ad0948f5be96f85dc60b3c76,660030,Nick Wilde,Persistent Investigator,Whispers in the Well,Enchanted,11/7/25,5,FALSE,Steel,https://cards.lorcast.io/card/digital/normal/crd_8a558015ad0948f5be96f85dc60b3c76.avif?1761766901,3086679794
crd_70fa88bf3a35452b8178209944e8604a,660031,The Sword of Hercules,,Whispers in the Well,Enchanted,11/7/25,2,TRUE,Steel,https://cards.lorcast.io/card/digital/normal/crd_70fa88bf3a35452b8178209944e8604a.avif?1761766936,5086697349
crd_5b53a4c5b3854ab0ba71dd388aaa0d9f,657885,Ariel,Ethereal Voice,Whispers in the Well,Iconic,11/7/25,4,TRUE,Amber,https://cards.lorcast.io/card/digital/normal/crd_5b53a4c5b3854ab0ba71dd388aaa0d9f.avif?1761766937,25086396288
crd_4656262d1cbc478aab92978dc7729663,657889,Hades,Looking for a Deal,Whispers in the Well,Iconic,11/7/25,5,TRUE,Amethyst,https://cards.lorcast.io/card/digital/normal/crd_4656262d1cbc478aab92978dc7729663.avif?1761766942,26086414898
crd_801cd6ba9a3048499af41d6186fa4100,677142,Tiana,Warm and Happy,Winterspell,Epic,2/13/26,4,TRUE,Amber,https://cards.lorcast.io/card/digital/normal/crd_801cd6ba9a3048499af41d6186fa4100.avif?1770260117,24089997450
crd_d8dddac12b0749ba9c6510af447895bd,677143,Grandmother Willow,Ancient Advisor,Winterspell,Epic,2/13/26,2,FALSE,Amber,https://cards.lorcast.io/card/digital/normal/crd_d8dddac12b0749ba9c6510af447895bd.avif?1770260121,4090017378
crd_899fe35731aa4f609bb72a19d7e831c8,677144,Tigger,Bouncing All the Way,Winterspell,Epic,2/13/26,4,TRUE,Amethyst,https://cards.lorcast.io/card/digital/normal/crd_899fe35731aa4f609bb72a19d7e831c8.avif?1770260138,15090004504
crd_9702c37c04864acd9912592d55d9dce0,677145,Anna,Little Sister,Winterspell,Epic,2/13/26,2,TRUE,Amethyst,https://cards.lorcast.io/card/digital/normal/crd_9702c37c04864acd9912592d55d9dce0.avif?1770260139,18090039450
crd_13f9925099454b7a8fd6225381d11061,675280,Genie,Magical Researcher,Winterspell,Epic,2/13/26,3,TRUE,Amethyst,https://cards.lorcast.io/card/digital/normal/crd_13f9925099454b7a8fd6225381d11061.avif?1770260144,26089635470
crd_629d577b144c424286035635ec968b4a,677146,Aladdin,On the Edge of Adventure,Winterspell,Epic,2/13/26,3,TRUE,Emerald,https://cards.lorcast.io/card/digital/normal/crd_629d577b144c424286035635ec968b4a.avif?1770260148,12089995493
crd_239773eb4b194139916d4c31bba66356,677147,Mushu,Sneaky Dragon,Winterspell,Epic,2/13/26,5,FALSE,Emerald,https://cards.lorcast.io/card/digital/normal/crd_239773eb4b194139916d4c31bba66356.avif?1770260159,26090024956
crd_84aa488aa433406493abed00a9d99611,677148,Minnie Mouse,Mrs. Cratchit,Winterspell,Epic,2/13/26,5,TRUE,Emerald,https://cards.lorcast.io/card/digital/normal/crd_84aa488aa433406493abed00a9d99611.avif?1770260166,27090043123
crd_366f46e2c0bc4366832935158a49cdb4,677149,Hercules,Spectral Demigod,Winterspell,Epic,2/13/26,1,TRUE,Ruby,https://cards.lorcast.io/card/digital/normal/crd_366f46e2c0bc4366832935158a49cdb4.avif?1770260174,6090041032
crd_d66016477d454f19abf12684a50221ef,677150,Elsa,Concerned Sister,Winterspell,Epic,2/13/26,3,TRUE,Ruby,https://cards.lorcast.io/card/digital/normal/crd_d66016477d454f19abf12684a50221ef.avif?1770260175,18090039045
crd_05285db16a3b4cb28941b7a24913d33f,677151,Goofy,Klutzy Skier,Winterspell,Epic,2/13/26,3,FALSE,Ruby,https://cards.lorcast.io/card/digital/normal/crd_05285db16a3b4cb28941b7a24913d33f.avif?1770260180,10089997686
crd_5da5944a7e9240aab2d30466337643c3,677152,Winnie the Pooh,Hungry Bear,Winterspell,Epic,2/13/26,4,TRUE,Sapphire,https://cards.lorcast.io/card/digital/normal/crd_5da5944a7e9240aab2d30466337643c3.avif?1770260185,14089990510
crd_ea1ae83b3c414a2a838398390473ebc6,677153,Jiminy Cricket,Ghost of Christmas Past,Winterspell,Epic,2/13/26,3,TRUE,Sapphire,https://cards.lorcast.io/card/digital/normal/crd_ea1ae83b3c414a2a838398390473ebc6.avif?1770260189,25089996300
crd_7379a15083914913b21c37d59e503c0c,677154,Mickey Mouse,Bob Cratchit,Winterspell,Epic,2/13/26,2,TRUE,Sapphire,https://cards.lorcast.io/card/digital/normal/crd_7379a15083914913b21c37d59e503c0c.avif?1770260193,26090024525
crd_197bd1d5d07843d49d892ea9536fcbed,677155,Donald Duck,Along for the Ride,Winterspell,Epic,2/13/26,5,TRUE,Steel,https://cards.lorcast.io/card/digital/normal/crd_197bd1d5d07843d49d892ea9536fcbed.avif?1770260197,28090066658
crd_b7a2a60eb9d34fd986cf0bd44e2a1f1a,677156,Judy Hopps,Snowball Patrol,Winterspell,Epic,2/13/26,2,TRUE,Steel,https://cards.lorcast.io/card/digital/normal/crd_b7a2a60eb9d34fd986cf0bd44e2a1f1a.avif?1770260202,17090037089
crd_b3924beae9a04927adc0e542f5656aa0,677157,Rapunzel,Ethereal Protector,Winterspell,Epic,2/13/26,3,FALSE,Steel,https://cards.lorcast.io/card/digital/normal/crd_b3924beae9a04927adc0e542f5656aa0.avif?1770260206,27090043122
crd_41acb92e0c494214949c72c409593b50,677158,Lilo,Rock Star,Winterspell,Enchanted,2/13/26,6,TRUE,Amber,https://cards.lorcast.io/card/digital/normal/crd_41acb92e0c494214949c72c409593b50.avif?1770260210,26090024529
crd_87abaabc59344ef1bfed548f0b6753bf,673068,Ohana Means Family,,Winterspell,Enchanted,2/13/26,3,TRUE,Amber,https://cards.lorcast.io/card/digital/normal/crd_87abaabc59344ef1bfed548f0b6753bf.avif?1770260216,14089414774
crd_b3c4b83755bd417bb09f35ffea57cb68,677159,Raging Storm,,Winterspell,Enchanted,2/13/26,8,FALSE,Amber,https://cards.lorcast.io/card/digital/normal/crd_b3c4b83755bd417bb09f35ffea57cb68.avif?1770260221,27090043212
crd_758bab20496f4673991e53ac59f1bcaa,675279,Eeyore,In the Way,Winterspell,Enchanted,2/13/26,9,TRUE,Amethyst,https://cards.lorcast.io/card/digital/normal/crd_758bab20496f4673991e53ac59f1bcaa.avif?1770260226,5089650806
crd_862f8b58a6e247cd865509856286449e,677160,Anna,Soothing Sister,Winterspell,Enchanted,2/13/26,5,TRUE,Amethyst,https://cards.lorcast.io/card/digital/normal/crd_862f8b58a6e247cd865509856286449e.avif?1770260231,12089995987
crd_8ef1d474eb68402e8d35e2aa3bce689a,677161,Colors of the Wind,,Winterspell,Enchanted,2/13/26,4,TRUE,Amethyst,https://cards.lorcast.io/card/digital/normal/crd_8ef1d474eb68402e8d35e2aa3bce689a.avif?1770260236,22086769807
crd_5eb205c36e0b4038a8a46aa47dd50b0f,677162,Mulan,Resourceful Recruit,Winterspell,Enchanted,2/13/26,2,TRUE,Emerald,https://cards.lorcast.io/card/digital/normal/crd_5eb205c36e0b4038a8a46aa47dd50b0f.avif?1770260241,27090043125
crd_2319774247e242a19dfa6a0fe584fff0,677163,Tod,Knows All the Tricks,Winterspell,Enchanted,2/13/26,7,TRUE,Emerald,https://cards.lorcast.io/card/digital/normal/crd_2319774247e242a19dfa6a0fe584fff0.avif?1770260247,20090001780
crd_d0659baf8fad4748ae9abf7260279d8c,675395,Freeze the Vine,,Winterspell,Enchanted,2/13/26,4,TRUE,Emerald,https://cards.lorcast.io/card/digital/normal/crd_d0659baf8fad4748ae9abf7260279d8c.avif?1770260252,28089715124
crd_580ca4f029554dd68409aac983fdae69,677164,Negaduck,Public Enemy Number One,Winterspell,Enchanted,2/13/26,5,TRUE,Ruby,https://cards.lorcast.io/card/digital/normal/crd_580ca4f029554dd68409aac983fdae69.avif?1770260258,12089995495
crd_b35b509f95d441c1bd11ec67d755db5d,675515,Elsa,Ice Artisan,Winterspell,Enchanted,2/13/26,6,TRUE,Ruby,https://cards.lorcast.io/card/digital/normal/crd_b35b509f95d441c1bd11ec67d755db5d.avif?1770260263,12089644616
crd_e3dbc3e8ae3543059ee67af1d144c576,677165,The Cold Never Bothered Me,,Winterspell,Enchanted,2/13/26,3,FALSE,Ruby,https://cards.lorcast.io/card/digital/normal/crd_e3dbc3e8ae3543059ee67af1d144c576.avif?1770260267,10089997848
crd_b30562a95420404b911886bcfc9e7a9c,677166,Scrooge McDuck,Reformed Ebenezer,Winterspell,Enchanted,2/13/26,6,TRUE,Sapphire,https://cards.lorcast.io/card/digital/normal/crd_b30562a95420404b911886bcfc9e7a9c.avif?1770260273,23090017209
crd_9652fdf2822645ee91302352c74c9d6a,677167,Belle,Snowfield Strategist,Winterspell,Enchanted,2/13/26,4,TRUE,Sapphire,https://cards.lorcast.io/card/digital/normal/crd_9652fdf2822645ee91302352c74c9d6a.avif?1770260278,18090039530
crd_82807328c2514c0d8f22366b4720a583,677168,Tamatoa,Seeker of Shine,Winterspell,Enchanted,2/13/26,7,TRUE,Sapphire,https://cards.lorcast.io/card/digital/normal/crd_82807328c2514c0d8f22366b4720a583.avif?1770260283,14089990511
crd_fbad358f2f804554838545c738341380,677169,Angel,Experiment 624,Winterspell,Enchanted,2/13/26,4,TRUE,Steel,https://cards.lorcast.io/card/digital/normal/crd_fbad358f2f804554838545c738341380.avif?1770260289,28090066583
crd_789d5871174e4da293165a39bdfece14,677170,Darkwing Duck,Cool Under Pressure,Winterspell,Enchanted,2/13/26,7,TRUE,Steel,https://cards.lorcast.io/card/digital/normal/crd_789d5871174e4da293165a39bdfece14.avif?1770260294,12089995528
crd_656cd1bfb0084f92bfd003ca69b3b3c9,677171,Let's Get Dangerous,,Winterspell,Enchanted,2/13/26,4,TRUE,Steel,https://cards.lorcast.io/card/digital/normal/crd_656cd1bfb0084f92bfd003ca69b3b3c9.avif?1770260299,12089995394
crd_40a3f6d8de604ff085fa5629597780a3,673298,Pocahontas,Peacekeeper,Winterspell,Iconic,2/13/26,5,TRUE,Amber,https://cards.lorcast.io/card/digital/normal/crd_40a3f6d8de604ff085fa5629597780a3.avif?1770260304,25089449558
crd_b73d08030c9646ab8a227158b8e453d4,673300,Moana,Curious Explorer,Winterspell,Iconic,2/13/26,5,TRUE,Sapphire,https://cards.lorcast.io/card/digital/normal/crd_b73d08030c9646ab8a227158b8e453d4.avif?1770260310,3089452370